epoch,time,train/box_loss,train/cls_loss,train/dfl_loss,metrics/precision(B),metrics/recall(B),metrics/mAP50(B),metrics/mAP50-95(B),val/box_loss,val/cls_loss,val/dfl_loss,lr/pg0,lr/pg1,lr/pg2
1,81.0352,4.15469,4.1691,1.96398,0.55092,0.05896,0.01731,0.00589,2.37017,3.6115,1.10905,0.00011432,0.00011432,0.00011432
2,143.551,2.9457,3.21696,1.33971,0.47339,0.17117,0.14303,0.07582,2.16251,10.8827,1.02958,0.00012268,0.00012268,0.00012268
